Id,first_name,last_name,email,Gender
1,Georgette,Lafuente,glafuente0@tinyurl.com,FeMale
2,Kinnie,Reicherz,kreicherz1@adobe.com,Male
3,Marco,Caltera,mcaltera2@phoca.cz,Male
4,Kara,Alfonso,kalfonso3@elpais.com,FeMale
5,Stephani,Obell,sobell4@drupal.org,FeMale
6,Dana,Henze,dhenze5@4shared.com,Male
7,Danyette,Castagna,dcastagna6@webs.com,FeMale
8,Nichole,MacIllrick,nmacillrick7@usatoday.com,Male
9,Melina,Boarder,mboarder8@friendfeed.com,FeMale
10,Jorgan,Joinsey,jjoinsey9@weebly.com,Male
11,Iorgo,Oaks,ioaksa@yahoo.co.jp,Male
12,Mahmoud,Rumsby,mrumsbyb@unblog.fr,FeMale
13,Olia,Aldwick,oaldwickc@odnoklassniki.ru,FeMale
14,Philis,Keane,pkeaned@friendfeed.com,FeMale
15,Ynez,Loft,ylofte@goo.ne.jp,FeMale
16,Cosimo,Giannazzo,cgiannazzof@wunderground.com,Male
17,Connor,Tysall,ctysallg@studiopress.com,Male
18,Lusa,Rewcassell,lrewcassellh@liveinternet.ru,FeMale
19,Patten,Plet,ppleti@google.ru,FeMale
20,Stacy,Foister,sfoisterj@flickr.com,Male
21,Lucius,Robbeke,lrobbekek@histats.com,Male
22,Lamont,Schleicher,lschleicherl@is.gd,Male
23,Leta,Leroux,llerouxm@globo.com,FeMale
24,Agatha,Glede,agleden@elpais.com,FeMale
25,Saundra,Coopman,scoopmano@google.cn,Male
26,Jaime,Capner,jcapnerp@google.ca,Male
27,Artair,Sedman,asedmanq@wordpress.org,Male
28,Shoshana,Spring,sspringr@livejournal.com,FeMale
29,Linda,Marikhin,lmarikhins@so-net.ne.jp,FeMale
30,Andria,Gorcke,agorcket@archive.org,FeMale
31,Greg,Skeeles,gskeelesu@histats.com,Male
32,Waly,Learoyd,wlearoydv@google.com.hk,FeMale
33,Melessa,Shepcutt,mshepcuttw@globo.com,FeMale
34,Allys,Theyer,atheyerx@baidu.com,FeMale
35,Bealle,Gilchrist,bgilchristy@umich.edu,Male
36,Carce,Vasilischev,cvasilischevz@umich.edu,Male
37,Dynah,Tunnow,dtunnow10@bigcartel.com,Male
38,El,Godart,egodart11@g.co,Male
39,Omar,Alenikov,oalenikov12@merriam-webster.com,Male
40,Julianne,McCalum,jmccalum13@devhub.com,FeMale
41,Ameline,Snowling,asnowling14@adobe.com,FeMale
42,Rosalynd,Mallabone,rmallabone15@foxnews.com,FeMale
43,Gussi,Tripcony,gtripcony16@people.com.cn,FeMale
44,Raphael,Woodwing,rwoodwing17@ning.com,Male
45,Chrisse,Daykin,cdaykin18@weather.com,Male
46,Lock,McFadin,lmcfadin19@furl.net,Male
47,Estell,Pressman,epressman1a@economist.com,FeMale
48,Normand,Wyman,nwyman1b@tripadvisor.com,Male
49,Dorthy,Barnardo,dbarnardo1c@intel.com,FeMale
50,Angel,Rebert,arebert1d@latimes.com,Male
51,Trumann,Kelshaw,tkelshaw1e@amazonaws.com,Male
52,Dulcine,Jan,djan1f@theglobeandmail.com,Male
53,Tamera,Vallis,tvallis1g@digg.com,FeMale
54,Taffy,Pyper,tpyper1h@4shared.com,FeMale
55,Haslett,Snaddon,hsnaddon1i@taobao.com,Male
56,Hank,Di Frisco,hdifrisco1j@icio.us,Male
57,Laraine,Quaife,lquaife1k@reuters.com,FeMale
58,Waldemar,Bartolomieu,wbartolomieu1l@dmoz.org,FeMale
59,Silvana,Ketchen,sketchen1m@gmpg.org,FeMale
60,Shoshana,Pirdy,spirdy1n@netscape.com,FeMale
61,Roth,Redon,rredon1o@stumbleupon.com,Male
62,Kimberly,Hiddy,khiddy1p@oracle.com,FeMale
63,Dionne,Qualtro,dqualtro1q@google.com.br,FeMale
64,Rabbi,Boot,rboot1r@webnode.com,FeMale
65,Thorny,Joannic,tjoannic1s@yellowbook.com,Male
66,Pepito,Ratter,pratter1t@vistaprint.com,Male
67,Iolande,Lackinton,ilackinton1u@npr.org,FeMale
68,Latrena,Pretsell,lpretsell1v@purevolume.com,FeMale
69,Gerard,Lelliott,glelliott1w@illinois.edu,Male
70,Ilka,Vaune,ivaune1x@virginia.edu,FeMale
71,Venita,Shoreson,vshoreson1y@hexun.com,FeMale
72,Dorisa,Garlett,dgarlett1z@chicagotribune.com,FeMale
73,Huntington,Gagen,hgagen20@google.pl,Male
74,Stu,Furney,sfurney21@wordpress.com,Male
75,Leonhard,Davydochkin,ldavydochkin22@unicef.org,Male
76,Jenn,Dashkovich,jdashkovich23@google.cn,FeMale
77,Mike,Kersting,mkersting24@china.com.cn,Male
78,Dunc,Chaudrelle,dchaudrelle25@360.cn,Male
79,Lucie,Verissimo,lverissimo26@webnode.com,FeMale
80,Bibbye,Wanklin,bwanklin27@alexa.com,FeMale
81,Dave,Godby,dgodby28@moonfruit.com,Male
82,Hadley,Milbourn,hmilbourn29@nhs.uk,Male
83,Whit,Minucci,wminucci2a@arstechnica.com,Male
84,Robin,Hodgins,rhodgins2b@youku.com,Male
85,Clemmy,Ching,cching2c@xrea.com,Male
86,Claribel,Hessenthaler,chessenthaler2d@blogtalkradio.com,FeMale
87,Chic,Patchett,cpatchett2e@loc.gov,Male
88,Ernestus,Tootal,etootal2f@a8.net,Male
89,Candy,Pringley,cpringley2g@forbes.com,FeMale
90,Gregory,Scolland,gscolland2h@washingtonpost.com,Male
91,Sherilyn,Beste,sbeste2i@state.tx.us,FeMale
92,Esmaria,Croome,ecroome2j@webeden.co.uk,FeMale
93,Quill,Murley,qmurley2k@zdnet.com,Male
94,Lowrance,Rowena,lrowena2l@theglobeandmail.com,Male
95,Pam,Gilstoun,pgilstoun2m@addtoany.com,FeMale
96,Ardith,Cowndley,acowndley2n@miibeian.gov.cn,FeMale
97,Trudie,Hexham,thexham2o@typepad.com,FeMale
98,Aldrich,Treske,atreske2p@biglobe.ne.jp,Male
99,Danit,Goady,dgoady2q@homestead.com,FeMale
100,Raynard,Bardsley,rbardsley2r@admin.ch,Male
101,Charis,Giacoboni,cgiacoboni2s@people.com.cn,FeMale
102,Brana,Morena,bmorena2t@xing.com,FeMale
103,Mackenzie,Oppie,moppie2u@google.com.hk,Male
104,Dora,Revell,drevell2v@hugedomains.com,FeMale
105,Agosto,Dunsford,adunsford2w@geocities.com,Male
106,Papageno,Lyle,plyle2x@usda.gov,Male
107,Rosalynd,Pabst,rpabst2y@elpais.com,FeMale
108,Samantha,McLae,smclae2z@newyorker.com,FeMale
109,Vite,Pietruschka,vpietruschka30@tripod.com,Male
110,Osmond,Gilfoyle,ogilfoyle31@parallels.com,Male
111,Shepard,Sibson,ssibson32@godaddy.com,Male
112,Sergei,Patterfield,spatterfield33@walmart.com,Male
113,Benjie,Sproson,bsproson34@google.de,Male
114,Tiffi,Mortimer,tmortimer35@163.com,FeMale
115,Winn,Plaunch,wplaunch36@creativecommons.org,Male
116,Paquito,Dessant,pdessant37@dagondesign.com,FeMale
117,Brandtr,Metzig,bmetzig38@histats.com,Male
118,Barnie,Pelosi,bpelosi39@twitpic.com,Male
119,Tiphanie,Kubas,tkubas3a@alibaba.com,FeMale
120,Elias,Glenton,eglenton3b@qq.com,Male
121,Thaxter,Ambrosini,tambrosini3c@examiner.com,Male
122,Barby,Kynson,bkynson3d@elpais.com,FeMale
123,Jocelyn,Hawkswood,jhawkswood3e@harvard.edu,Male
124,Katheryn,Jerrold,kjerrold3f@seesaa.net,FeMale
125,Janenna,Brogioni,jbrogioni3g@google.es,FeMale
126,Rubina,Sears,rsears3h@ow.ly,FeMale
127,Kendal,Frewer,kfrewer3i@mit.edu,Male
128,Charity,Pridgeon,cpridgeon3j@unblog.fr,FeMale
129,Elianore,Mathon,emathon3k@businesswire.com,FeMale
130,Albina,Paggitt,apaggitt3l@dell.com,FeMale
131,Sid,Busswell,sbusswell3m@yellowbook.com,Male
132,Bernadine,Yorke,byorke3n@newsvine.com,FeMale
133,Shanna,Frusher,sfrusher3o@hhs.gov,FeMale
134,Ulric,Clubley,uclubley3p@umn.edu,Male
135,Andrew,Stothard,astothard3q@ocn.ne.jp,Male
136,Lane,Choke,lchoke3r@usnews.com,FeMale
137,Nicholle,Copperwaite,ncopperwaite3s@wikispaces.com,FeMale
138,Mariele,Baskett,mbaskett3t@dagondesign.com,FeMale
139,Cristina,Boyen,cboyen3u@wiley.com,FeMale
140,Eddie,Lavalde,elavalde3v@whitehouse.gov,FeMale
141,Lori,Demageard,ldemageard3w@accuweather.com,FeMale
142,Catha,Screaton,cscreaton3x@symantec.com,FeMale
143,Eleanore,Pabelik,epabelik3y@craigslist.org,FeMale
144,Shirline,Lamy,slamy3z@google.co.uk,FeMale
145,Grange,Dorricott,gdorricott40@cyberchimps.com,Male
146,Marcile,Corbishley,mcorbishley41@forbes.com,FeMale
147,Ki,Downham,kdownham42@blinklist.com,FeMale
148,Far,Tulleth,ftulleth43@ihg.com,Male
149,Gunner,Summerill,gsummerill44@shinystat.com,Male
150,Lorita,Gorick,lgorick45@epa.gov,FeMale
151,Devan,Daldan,ddaldan46@ovh.net,FeMale
152,Nealy,Radmer,nradmer47@sohu.com,Male
153,Francene,Lumox,flumox48@joomla.org,FeMale
154,Jilly,Fiddymont,jfiddymont49@mit.edu,FeMale
155,Gerty,Kindley,gkindley4a@telegraph.co.uk,FeMale
156,Lydia,Wandrey,lwandrey4b@ft.com,FeMale
157,Egon,Moyers,emoyers4c@howstuffworks.com,Male
158,Doreen,Alesbrook,dalesbrook4d@dmoz.org,FeMale
159,Adan,Marten,amarten4e@tripadvisor.com,FeMale
160,Miles,Godding,mgodding4f@ow.ly,Male
161,Hirsch,Nettle,hnettle4g@princeton.edu,Male
162,Dix,Maciocia,dmaciocia4h@about.me,FeMale
163,Kaja,Voff,kvoff4i@barnesandnoble.com,FeMale
164,Stacy,Egle of Germany,segleofgermany4j@sina.com.cn,FeMale
165,Moses,Torald,mtorald4k@multiply.com,Male
166,Waite,Ekell,wekell4l@dyndns.org,Male
167,Ward,Deny,wdeny4m@php.net,Male
168,Jacquenetta,Bartolijn,jbartolijn4n@mlb.com,FeMale
169,Raddy,Stockney,rstockney4o@timesonline.co.uk,Male
170,Margarette,Eckery,meckery4p@bloomberg.com,FeMale
171,Dyane,Bosence,dbosence4q@ca.gov,FeMale
172,Kirby,Ickovicz,kickovicz4r@purevolume.com,FeMale
173,Payton,Knevet,pknevet4s@newyorker.com,Male
174,Wendall,Parsonson,wparsonson4t@aol.com,Male
175,Ashbey,McKevitt,amckevitt4u@goo.ne.jp,Male
176,Didi,Mathiasen,dmathiasen4v@last.fm,FeMale
177,Lesya,Taw,ltaw4w@craigslist.org,FeMale
178,Chico,Bradman,cbradman4x@utexas.edu,Male
179,Moreen,Bowness,mbowness4y@huffingtonpost.com,FeMale
180,Stephanus,Northidge,snorthidge4z@house.gov,Male
181,Joyann,Gircke,jgircke50@lycos.com,FeMale
182,Emmott,Bohey,ebohey51@newsvine.com,Male
183,Uta,Foxton,ufoxton52@google.co.uk,FeMale
184,Darya,Titcomb,dtitcomb53@walmart.com,FeMale
185,Suzanne,Nary,snary54@businesswire.com,FeMale
186,Cora,Sinnett,csinnett55@cbc.ca,FeMale
187,Bink,Werrit,bwerrit56@china.com.cn,Male
188,Kristian,Scrowson,kscrowson57@facebook.com,Male
189,Minny,Eustace,meustace58@washington.edu,FeMale
190,Marybeth,Valois,mvalois59@digg.com,FeMale
191,Adelice,Shevlan,ashevlan5a@samsung.com,FeMale
192,Pavla,Jambrozek,pjambrozek5b@samsung.com,FeMale
193,Anetta,Colkett,acolkett5c@salon.com,FeMale
194,Davin,St Pierre,dstpierre5d@businessinsider.com,Male
195,Hyatt,Nestoruk,hnestoruk5e@bluehost.com,Male
196,Faun,Brommage,fbrommage5f@gizmodo.com,FeMale
197,Valina,Perell,vperell5g@phpbb.com,FeMale
198,Sophi,Hairon,shairon5h@tiny.cc,FeMale
199,Rochelle,Banisch,rbanisch5i@macromedia.com,FeMale
200,Launce,Sweet,lsweet5j@wordpress.org,Male
201,Rebecka,Colledge,rcolledge5k@gnu.org,FeMale
202,Moria,Stolworthy,mstolworthy5l@naver.com,FeMale
203,Aurlie,Sheardown,asheardown5m@mtv.com,FeMale
204,Shela,McNelly,smcnelly5n@1und1.de,FeMale
205,Francisco,Kendell,fkendell5o@123-reg.co.uk,Male
206,Hew,Jaggi,hjaggi5p@over-blog.com,Male
207,Pietrek,Maddicks,pmaddicks5q@mediafire.com,Male
208,Wainwright,Fretter,wfretter5r@ucsd.edu,Male
209,Evania,Howship,ehowship5s@e-recht24.de,FeMale
210,Amata,Lissaman,alissaman5t@sbwire.com,FeMale
211,Jessica,Gouck,jgouck5u@omniture.com,FeMale
212,Kerby,Simione,ksimione5v@bandcamp.com,Male
213,Deanne,MacGuiness,dmacguiness5w@icq.com,FeMale
214,Randall,Bockh,rbockh5x@altervista.org,Male
215,Constancia,Hooke,chooke5y@youtu.be,FeMale
216,Cyb,Wreford,cwreford5z@marriott.com,FeMale
217,Orel,Vasyushkhin,ovasyushkhin60@liveinternet.ru,FeMale
218,Hobey,Zielinski,hzielinski61@google.com.au,Male
219,Kore,Pudding,kpudding62@boston.com,FeMale
220,Munroe,Tunaclift,mtunaclift63@tiny.cc,Male
221,Luciano,Scrauniage,lscrauniage64@wikia.com,Male
222,Vergil,Duesbury,vduesbury65@google.co.jp,Male
223,Jade,Durant,jdurant66@yandex.ru,FeMale
224,Raimondo,MacNamee,rmacnamee67@exblog.jp,Male
225,Orlando,Welland,owelland68@bing.com,Male
226,Lyndel,Sexten,lsexten69@squidoo.com,FeMale
227,Yance,Casella,ycasella6a@360.cn,Male
228,Rosina,Broxup,rbroxup6b@princeton.edu,FeMale
229,Herta,Birchenhead,hbirchenhead6c@privacy.gov.au,FeMale
230,Patton,Hayne,phayne6d@sitemeter.com,Male
231,Angelica,Fargie,afargie6e@sourceforge.net,FeMale
232,Yurik,Conquest,yconquest6f@booking.com,Male
233,Shurlocke,Kulver,skulver6g@taobao.com,Male
234,Dante,Keays,dkeays6h@live.com,Male
235,Cathlene,Philpott,cphilpott6i@youtube.com,FeMale
236,Rowney,Hartly,rhartly6j@adobe.com,Male
237,Coleman,Ezzle,cezzle6k@hostgator.com,Male
238,Devinne,Choak,dchoak6l@webeden.co.uk,FeMale
239,Gunter,Thomann,gthomann6m@vistaprint.com,Male
240,Patrizio,Clac,pclac6n@businesswire.com,Male
241,Daffi,Burnsell,dburnsell6o@wordpress.org,FeMale
242,Stearne,Stanbridge,sstanbridge6p@ucsd.edu,Male
243,Bambi,Meneyer,bmeneyer6q@cmu.edu,FeMale
244,Fawne,Clogg,fclogg6r@wikipedia.org,FeMale
245,Arluene,Robins,arobins6s@sourceforge.net,FeMale
246,Sampson,Basketter,sbasketter6t@bandcamp.com,Male
247,Monroe,Ginsie,mginsie6u@livejournal.com,Male
248,Keelby,McLoney,kmcloney6v@hugedomains.com,Male
249,Hardy,Stennings,hstennings6w@wikispaces.com,Male
250,Dov,Pallaske,dpallaske6x@zdnet.com,Male
251,Ludovico,O'Codihie,locodihie6y@networksolutions.com,Male
252,Phillipe,Louys,plouys6z@si.edu,Male
253,Elsa,Sorbie,esorbie70@shareasale.com,FeMale
254,Pietra,Glavias,pglavias71@cbc.ca,FeMale
255,Humphrey,Maffezzoli,hmaffezzoli72@ycombinator.com,Male
256,Kareem,Venneur,kvenneur73@about.me,Male
257,Nadya,Scrivens,nscrivens74@unblog.fr,FeMale
258,Moreen,Lackner,mlackner75@friendfeed.com,FeMale
259,Mei,Jessup,mjessup76@storify.com,FeMale
260,Ives,Bulled,ibulled77@phoca.cz,Male
261,Hieronymus,Armin,harmin78@typepad.com,Male
262,Ogdan,Crouch,ocrouch79@symantec.com,Male
263,Arvy,Le Sarr,alesarr7a@cnn.com,Male
264,Shanna,Orwin,sorwin7b@fda.gov,FeMale
265,Rudd,Dougal,rdougal7c@yellowpages.com,Male
266,Yvon,Lates,ylates7d@tiny.cc,Male
267,Augy,Batalini,abatalini7e@ycombinator.com,Male
268,Charlotte,Howgego,chowgego7f@gravatar.com,FeMale
269,Sarette,Olliar,solliar7g@addthis.com,FeMale
270,Eleanora,Gamble,egamble7h@huffingtonpost.com,FeMale
271,Rivi,McKillop,rmckillop7i@ask.com,FeMale
272,Florina,Gleder,fgleder7j@purevolume.com,Male
273,Reinhard,Ridings,rridings7k@pcworld.com,Male
274,Gigi,Appleby,gappleby7l@telegraph.co.uk,FeMale
275,Latia,Wilacot,lwilacot7m@acquirethisname.com,FeMale
276,Jeffry,Patrone,jpatrone7n@posterous.com,Male
277,Ware,Pitceathly,wpitceathly7o@admin.ch,Male
278,Dulcie,Gager,dgager7p@sitemeter.com,FeMale
279,Enoch,Agett,eagett7q@paypal.com,Male
280,Dido,Brennand,dbrennand7r@theglobeandmail.com,FeMale
281,Annamarie,Fearnyough,afearnyough7s@statcounter.com,FeMale
282,Aurel,Fryd,afryd7t@ftc.gov,FeMale
283,Rubina,Faithfull,rfaithfull7u@globo.com,FeMale
284,Monah,Skene,mskene7v@github.com,FeMale
285,Nell,Ismead,nismead7w@acquirethisname.com,FeMale
286,Dory,Rennebach,drennebach7x@fotki.com,Male
287,Hillie,Crowhurst,hcrowhurst7y@cdc.gov,Male
288,Bendicty,Hammell,bhammell7z@china.com.cn,Male
289,Kaspar,Enderlein,kenderlein80@springer.com,Male
290,Merna,Thorlby,mthorlby81@livejournal.com,FeMale
291,Westleigh,Fruchon,wfruchon82@1und1.de,Male
292,Natty,Pentony,npentony83@wired.com,Male
293,Kalil,Amiss,kamiss84@uol.com.br,Male
294,Jacquelyn,Iapico,jiapico85@wunderground.com,FeMale
295,Katherina,Durnford,kdurnford86@typepad.com,Male
296,Jobina,Lewty,jlewty87@cmu.edu,FeMale
297,Cassius,Crutchley,ccrutchley88@phpbb.com,Male
298,Lorin,Snaith,lsnaith89@omniture.com,Male
299,Kean,Fountain,kfountain8a@wikipedia.org,Male
300,Ash,Savege,asavege8b@4shared.com,Male
301,Christabel,Attreed,cattreed8c@chron.com,FeMale
302,Adah,Fox,afox8d@alibaba.com,FeMale
303,Trip,Hovel,thovel8e@usda.gov,Male
304,Westley,Candey,wcandey8f@fastcompany.com,Male
305,Ranice,Gravie,rgravie8g@howstuffworks.com,FeMale
306,Jaquelyn,Verlander,jverlander8h@cornell.edu,FeMale
307,Tandy,Elfes,telfes8i@phpbb.com,FeMale
308,Ashlee,Losbie,alosbie8j@sitemeter.com,FeMale
309,Valerye,Kop,vkop8k@oracle.com,FeMale
310,Graig,Izzard,gizzard8l@4shared.com,Male
311,Corrie,Cradoc,ccradoc8m@imdb.com,FeMale
312,Smitty,Horsewood,shorsewood8n@fastcompany.com,Male
313,Leanor,Cholomin,lcholomin8o@huffingtonpost.com,FeMale
314,Louella,Goodbar,lgoodbar8p@yahoo.com,FeMale
315,Meagan,Garfath,mgarfath8q@youtube.com,FeMale
316,Michal,Everly,meverly8r@1688.com,Male
317,Olimpia,Tilling,otilling8s@boston.com,FeMale
318,Phyllys,Corrigan,pcorrigan8t@plala.or.jp,Male
319,Brittany,Sedgemore,bsedgemore8u@geocities.jp,FeMale
320,Felicity,Bourdice,fbourdice8v@yelp.com,FeMale
321,Georgy,Picopp,gpicopp8w@tinypic.com,Male
322,Edward,Eggins,eeggins8x@baidu.com,Male
323,Ame,Rebbeck,arebbeck8y@wix.com,FeMale
324,Way,Filipovic,wfilipovic8z@stanford.edu,Male
325,Cliff,Extance,cextance90@vimeo.com,Male
326,Renault,Aviss,raviss91@state.tx.us,Male
327,Augy,Dekeyser,adekeyser92@soundcloud.com,Male
328,Feodor,Greep,fgreep93@businesswire.com,Male
329,Upton,Cowing,ucowing94@wp.com,Male
330,Ambrosius,De La Coste,adelacoste95@paypal.com,Male
331,Wallie,Ding,wding96@wikimedia.org,FeMale
332,Mac,Nance,mnance97@yandex.ru,Male
333,Kipp,Cottam,kcottam98@parallels.com,FeMale
334,Nicol,Meininking,nmeininking99@apple.com,Male
335,Nikolia,Aslin,naslin9a@lycos.com,Male
336,Edith,Axton,eaxton9b@google.ca,FeMale
337,Delainey,Minucci,dminucci9c@vistaprint.com,Male
338,Elyse,Dormer,edormer9d@google.es,FeMale
339,Jenica,Walicki,jwalicki9e@hud.gov,FeMale
340,Alvera,Hindsberg,ahindsberg9f@ocn.ne.jp,FeMale
341,Maynord,Bodker,mbodker9g@seesaa.net,Male
342,Baird,M'Quharg,bmquharg9h@facebook.com,Male
343,Brantley,Dougill,bdougill9i@booking.com,Male
344,Sissy,Treeby,streeby9j@webnode.com,FeMale
345,Kakalina,Kopke,kkopke9k@digg.com,FeMale
346,Joyce,Bass,jbass9l@networksolutions.com,FeMale
347,Georgianne,Stiant,gstiant9m@go.com,FeMale
348,Conrad,Easey,ceasey9n@spotify.com,Male
349,Vlad,Worssam,vworssam9o@wufoo.com,Male
350,Ivory,Lohmeyer,ilohmeyer9p@desdev.cn,FeMale
351,Roanne,Jerrans,rjerrans9q@soundcloud.com,FeMale
352,Louise,Daugherty,ldaugherty9r@pbs.org,FeMale
353,Walden,Connop,wconnop9s@ftc.gov,FeMale
354,Sidney,Briggs,sbriggs9t@pbs.org,FeMale
355,Adolpho,MacAllister,amacallister9u@mozilla.org,Male
356,Ailee,Dow,adow9v@blogs.com,FeMale
357,Erick,Daudray,edaudray9w@naver.com,Male
358,Lillian,Quincey,lquincey9x@stanford.edu,FeMale
359,Algernon,Hagston,ahagston9y@wordpress.com,Male
360,Demeter,Sacks,dsacks9z@kickstarter.com,FeMale
361,Newton,Paling,npalinga0@cornell.edu,Male
362,Maureen,McReidy,mmcreidya1@clickbank.net,FeMale
363,Rivalee,Dowsey,rdowseya2@epa.gov,FeMale
364,Ingaberg,Riehm,iriehma3@cnbc.com,FeMale
365,Bar,Du Hamel,bduhamela4@spotify.com,Male
366,Pebrook,Bartelli,pbartellia5@toplist.cz,Male
367,Sherye,Buxcey,sbuxceya6@princeton.edu,FeMale
368,Reynold,Gerg,rgerga7@devhub.com,Male
369,Ossie,Boodle,oboodlea8@pagesperso-orange.fr,Male
370,Byrle,Grimbleby,bgrimblebya9@pinterest.com,Male
371,Davy,Conyer,dconyeraa@infoseek.co.jp,Male
372,Westbrooke,Edbrooke,wedbrookeab@unblog.fr,Male
373,Joseito,Egiloff,jegiloffac@naver.com,Male
374,Donnamarie,Grew,dgrewad@smugmug.com,FeMale
375,Faustine,Deam,fdeamae@istockphoto.com,FeMale
376,Rafaellle,Broke,rbrokeaf@soundcloud.com,Male
377,Langsdon,Redwood,lredwoodag@gizmodo.com,Male
378,Ethelind,Shorte,eshorteah@1688.com,FeMale
379,Ned,Bloschke,nbloschkeai@time.com,Male
380,Cissiee,Eaglen,ceaglenaj@sphinn.com,FeMale
381,Mariska,Livett,mlivettak@google.pl,FeMale
382,William,Meddemmen,wmeddemmenal@patch.com,Male
383,Francoise,Herreros,fherrerosam@ifeng.com,FeMale
384,Almeta,Sessions,asessionsan@bbb.org,FeMale
385,Anthia,Lashmore,alashmoreao@cam.ac.uk,FeMale
386,Neale,Barthelme,nbarthelmeap@nhs.uk,Male
387,Angelina,Bradforth,abradforthaq@theguardian.com,FeMale
388,Simeon,Mathews,smathewsar@wp.com,Male
389,Cosmo,MacKnockiter,cmacknockiteras@wikimedia.org,Male
390,Roddy,McGlew,rmcglewat@redcross.org,Male
391,Fernandina,Baldry,fbaldryau@wufoo.com,FeMale
392,Foss,Barday,fbardayav@ca.gov,Male
393,Nappy,Kinnen,nkinnenaw@sphinn.com,Male
394,Jaynell,Mullett,jmullettax@linkedin.com,FeMale
395,Evaleen,Stenet,estenetay@mit.edu,FeMale
396,Pall,Esparza,pesparzaaz@so-net.ne.jp,Male
397,Audra,Cowcha,acowchab0@joomla.org,FeMale
398,Angelina,Capner,acapnerb1@t.co,FeMale
399,Adaline,Field,afieldb2@sfgate.com,FeMale
400,Trish,Kellard,tkellardb3@omniture.com,FeMale
401,El,Lapish,elapishb4@baidu.com,Male
402,Marylee,Dunkerly,mdunkerlyb5@hud.gov,FeMale
403,Tani,Ravenhill,travenhillb6@nsw.gov.au,FeMale
404,Dorthy,Bestall,dbestallb7@rediff.com,FeMale
405,Drucie,Gwillym,dgwillymb8@baidu.com,FeMale
406,Puff,Baudinelli,pbaudinellib9@com.com,Male
407,Codie,O' Culligan,coculliganba@oaic.gov.au,Male
408,Vanya,Kornyakov,vkornyakovbb@opensource.org,Male
409,Virgina,Reedman,vreedmanbc@illinois.edu,FeMale
410,Hillyer,Endrici,hendricibd@dailymotion.com,Male
411,Ainslee,Arrigucci,aarriguccibe@instagram.com,FeMale
412,Minne,Clemmow,mclemmowbf@house.gov,FeMale
413,Winny,Barbosa,wbarbosabg@artisteer.com,Male
414,Hakeem,Stanner,hstannerbh@sphinn.com,FeMale
415,Chelsea,Calbaithe,ccalbaithebi@lulu.com,FeMale
416,Dalli,Geekie,dgeekiebj@earthlink.net,Male
417,Ethel,Shaylor,eshaylorbk@howstuffworks.com,FeMale
418,Elonore,McNamara,emcnamarabl@mysql.com,FeMale
419,Gustavo,Rexworthy,grexworthybm@aol.com,FeMale
420,Rivalee,Bunny,rbunnybn@usda.gov,FeMale
421,Arabel,Jeffs,ajeffsbo@zimbio.com,FeMale
422,Babita,Lightoller,blightollerbp@zimbio.com,FeMale
423,Lianne,Dallas,ldallasbq@pcworld.com,FeMale
424,Randy,Goldis,rgoldisbr@spiegel.de,Male
425,Yvette,Costelow,ycostelowbs@privacy.gov.au,FeMale
426,Krystal,Gully,kgullybt@ebay.com,FeMale
427,Charla,Foye,cfoyebu@cloudflare.com,FeMale
428,Jeramey,Grunnill,jgrunnillbv@weebly.com,Male
429,Shermy,Gossipin,sgossipinbw@1und1.de,Male
430,Nichole,Edmenson,nedmensonbx@vimeo.com,FeMale
431,Brigg,Dufty,bduftyby@cloudflare.com,Male
432,Leena,Week,lweekbz@omniture.com,FeMale
433,Goldarina,Chilcott,gchilcottc0@alexa.com,FeMale
434,Wilone,Reye,wreyec1@miibeian.gov.cn,FeMale
435,Rikki,Leney,rleneyc2@a8.net,FeMale
436,Calvin,Walrond,cwalrondc3@unicef.org,Male
437,Jerome,McIlwraith,jmcilwraithc4@berkeley.edu,Male
438,Shandeigh,Stevani,sstevanic5@dailymail.co.uk,Male
439,Arlee,Iannazzi,aiannazzic6@sun.com,FeMale
440,Alejandro,Jirek,ajirekc7@delicious.com,Male
441,Galvan,Tanzer,gtanzerc8@springer.com,Male
442,Meir,Birkbeck,mbirkbeckc9@boston.com,Male
443,Tilly,Affleck,taffleckca@addtoany.com,FeMale
444,Ahmad,Corbishley,acorbishleycb@google.nl,FeMale
445,Trisha,Barwick,tbarwickcc@infoseek.co.jp,FeMale
446,Suellen,McGonigal,smcgonigalcd@naver.com,FeMale
447,Annice,Corde,acordece@skype.com,FeMale
448,Base,Gorelli,bgorellicf@nih.gov,Male
449,Jammie,Moneypenny,jmoneypennycg@psu.edu,FeMale
450,Clive,Damper,cdamperch@usda.gov,Male
451,Jim,Kaplan,jkaplanci@1688.com,Male
452,Sallyann,Van Der Vlies,svandervliescj@list-manage.com,Male
453,Wendell,Kirkbride,wkirkbrideck@spotify.com,Male
454,Tuck,Garfit,tgarfitcl@devhub.com,Male
455,Jethro,Jarman,jjarmancm@opera.com,Male
456,Eddy,Lundon,elundoncn@sina.com.cn,FeMale
457,Leonid,Bubbear,lbubbearco@photobucket.com,Male
458,Lisette,Billiard,lbilliardcp@parallels.com,FeMale
459,Eve,Phifer,ephifercq@hatena.ne.jp,FeMale
460,Mikkel,Dewing,mdewingcr@hao123.com,Male
461,Ettie,Huett,ehuettcs@wisc.edu,FeMale
462,Selma,Chuter,schuterct@nhs.uk,FeMale
463,Selina,Handrik,shandrikcu@ucsd.edu,FeMale
464,Sullivan,Spier,sspiercv@umn.edu,Male
465,Antonino,Birdfield,abirdfieldcw@earthlink.net,Male
466,Frederik,Jeandet,fjeandetcx@hao123.com,Male
467,Arne,Boatwright,aboatwrightcy@yale.edu,Male
468,Chaddie,Jeyes,cjeyescz@imgur.com,Male
469,Roy,Giorio,rgioriod0@slashdot.org,Male
470,Jamill,Aloshkin,jaloshkind1@nymag.com,Male
471,Nomi,Haskey,nhaskeyd2@usatoday.com,FeMale
472,Millicent,Doddridge,mdoddridged3@ft.com,FeMale
473,Ingemar,Thornally,ithornallyd4@booking.com,Male
474,Inga,Vedntyev,ivedntyevd5@mozilla.com,FeMale
475,Leonie,Leffek,lleffekd6@github.com,FeMale
476,Kira,Shippey,kshippeyd7@blogs.com,FeMale
477,Brnaby,Samwaye,bsamwayed8@pen.io,Male
478,Allianora,Maggs,amaggsd9@columbia.edu,FeMale
479,Dredi,Charon,dcharonda@wordpress.org,FeMale
480,Adelind,Massow,amassowdb@cloudflare.com,FeMale
481,Ruttger,Czyz,rczyzdc@thetimes.co.uk,Male
482,Brant,Stracey,bstraceydd@merriam-webster.com,Male
483,Gibby,Keyzor,gkeyzorde@vkontakte.ru,Male
484,Jeanna,Sinnie,jsinniedf@cnbc.com,FeMale
485,Bastian,Bellwood,bbellwooddg@tiny.cc,Male
486,Juli,Esland,jeslanddh@goodreads.com,FeMale
487,Welch,Gumm,wgummdi@epa.gov,Male
488,Sylvester,Flude,sfludedj@nationalgeographic.com,Male
489,Lila,Gilbee,lgilbeedk@disqus.com,FeMale
490,Prent,Stronach,pstronachdl@biglobe.ne.jp,Male
491,April,Argont,aargontdm@soundcloud.com,FeMale
492,Wendie,Rivalant,wrivalantdn@jalbum.net,FeMale
493,Randy,McLaughlan,rmclaughlando@tuttocitta.it,Male
494,Itch,Bixley,ibixleydp@pagesperso-orange.fr,Male
495,Kristopher,Bamblett,kbamblettdq@homestead.com,Male
496,Loni,Olford,lolforddr@sfgate.com,Male
497,Orly,Hallede,ohallededs@zdnet.com,FeMale
498,Arnold,Cleaveland,acleavelanddt@over-blog.com,Male
499,Nate,Peachey,npeacheydu@about.me,Male
500,Man,Whiteland,mwhitelanddv@abc.net.au,Male
501,Estevan,Anthill,eanthilldw@4shared.com,Male
502,Jody,Zuker,jzukerdx@cnet.com,Male
503,Bevvy,Sparshett,bsparshettdy@japanpost.jp,FeMale
504,Charisse,Crankshaw,ccrankshawdz@discovery.com,FeMale
505,Page,Atlay,patlaye0@google.com,Male
506,Thacher,Guisby,tguisbye1@umn.edu,Male
507,Stella,Inkpen,sinkpene2@gov.uk,FeMale
508,Casar,Spinella,cspinellae3@forbes.com,Male
509,Urban,Catto,ucattoe4@blog.com,Male
510,Aeriela,Blinde,ablindee5@bbb.org,FeMale
511,Phillis,Gymlett,pgymlette6@wunderground.com,FeMale
512,Gardie,Upstell,gupstelle7@mail.ru,Male
513,Lamar,Salkild,lsalkilde8@webeden.co.uk,FeMale
514,Karoly,Petzolt,kpetzolte9@123-reg.co.uk,Male
515,Krispin,Tomasicchio,ktomasicchioea@g.co,Male
516,Bondon,Hartup,bhartupeb@yahoo.com,Male
517,Hildegarde,Littell,hlittellec@de.vu,FeMale
518,Deane,Messom,dmessomed@xing.com,FeMale
519,Madelle,Groucock,mgroucockee@pbs.org,FeMale
520,Sheree,Llewelly,sllewellyef@indiatimes.com,FeMale
521,Gusti,Rounsivall,grounsivalleg@sogou.com,FeMale
522,Sammie,Harower,sharowereh@list-manage.com,Male
523,Maggee,Halvorsen,mhalvorsenei@tamu.edu,FeMale
524,Inger,Keig,ikeigej@vk.com,FeMale
525,Mollie,Girodon,mgirodonek@virginia.edu,FeMale
526,Elsbeth,Trimme,etrimmeel@booking.com,FeMale
527,Aguistin,Cammiemile,acammiemileem@shareasale.com,Male
528,Norrie,Dearle-Palser,ndearlepalseren@ebay.com,FeMale
529,Rolph,Skippings,rskippingseo@reverbnation.com,FeMale
530,Franciskus,Hardacre,fhardacreep@technorati.com,Male
531,Allyn,Perry,aperryeq@huffingtonpost.com,Male
532,Marcello,Barthelme,mbarthelmeer@google.com,Male
533,Ingelbert,Nairns,inairnses@businesswire.com,Male
534,Siana,Wetherald,swetheraldet@unblog.fr,FeMale
535,Rubin,Slee,rsleeeu@google.co.jp,Male
536,Gael,Wilsher,gwilsherev@mac.com,FeMale
537,Timotheus,Kissock,tkissockew@unicef.org,Male
538,Elvira,Kiljan,ekiljanex@csmonitor.com,FeMale
539,Raimondo,Dorrity,rdorrityey@lycos.com,Male
540,Martino,Stayte,mstayteez@paypal.com,Male
541,Zia,Slinger,zslingerf0@walmart.com,FeMale
542,Quinlan,Glasbey,qglasbeyf1@discovery.com,Male
543,Harald,Attenbrough,hattenbroughf2@businessinsider.com,Male
544,Den,Toland,dtolandf3@phpbb.com,Male
545,Ansell,Bisterfeld,abisterfeldf4@ocn.ne.jp,Male
546,Harlie,Van den Hof,hvandenhoff5@ibm.com,FeMale
547,Vinni,Woollard,vwoollardf6@163.com,FeMale
548,Elfie,Lamar,elamarf7@ow.ly,FeMale
549,Kristopher,Scarr,kscarrf8@mail.ru,Male
550,Maritsa,Shorey,mshoreyf9@smugmug.com,FeMale
551,Dedie,Armsden,darmsdenfa@foxnews.com,FeMale
552,Christean,Glidden,cgliddenfb@un.org,FeMale
553,Hollie,Alesin,halesinfc@biblegateway.com,FeMale
554,Alex,Grewe,agrewefd@1und1.de,Male
555,Gladys,Creebo,gcreebofe@networkadvertising.org,FeMale
556,Lurette,Prewett,lprewettff@netvibes.com,FeMale
557,Erskine,Huton,ehutonfg@scientificamerican.com,Male
558,Angie,Werrit,awerritfh@tripod.com,FeMale
559,Cooper,Debow,cdebowfi@cbslocal.com,Male
560,Lilyan,Moodycliffe,lmoodycliffefj@ycombinator.com,FeMale
561,Beret,Ida,bidafk@wufoo.com,FeMale
562,Jacquelyn,Guidetti,jguidettifl@eventbrite.com,FeMale
563,Mortie,O'Currine,mocurrinefm@nasa.gov,Male
564,Natty,O'Sheilds,nosheildsfn@umn.edu,Male
565,Carmine,Clitsome,cclitsomefo@techcrunch.com,FeMale
566,Bertram,Braunds,bbraundsfp@europa.eu,Male
567,Roma,Corby,rcorbyfq@shinystat.com,Male
568,Sherlock,Cholwell,scholwellfr@hc360.com,Male
569,Ingamar,Cahillane,icahillanefs@360.cn,Male
570,Chelsy,Thatcham,cthatchamft@google.nl,FeMale
571,Barny,Kinny,bkinnyfu@alibaba.com,Male
572,Cati,Scottesmoor,cscottesmoorfv@si.edu,FeMale
573,Moll,Demko,mdemkofw@cpanel.net,FeMale
574,Boone,Orable,borablefx@archive.org,Male
575,Boone,Cousins,bcousinsfy@independent.co.uk,FeMale
576,Kikelia,Rowbottam,krowbottamfz@shop-pro.jp,FeMale
577,Diane-marie,Pawlaczyk,dpawlaczykg0@nps.gov,FeMale
578,Lynelle,Ferrar,lferrarg1@businessinsider.com,FeMale
579,Allyn,Escale,aescaleg2@sciencedaily.com,FeMale
580,Valaree,Northway,vnorthwayg3@quantcast.com,FeMale
581,Joete,Denness,jdennessg4@nbcnews.com,FeMale
582,Hedda,McLucky,hmcluckyg5@a8.net,FeMale
583,Anita,Howton,ahowtong6@ning.com,FeMale
584,Lyndel,Puig,lpuigg7@wp.com,FeMale
585,Rosy,Miguel,rmiguelg8@google.com.au,FeMale
586,Dasha,Curling,dcurlingg9@dot.gov,FeMale
587,Gery,Cullum,gcullumga@nsw.gov.au,Male
588,Clarke,McGeoch,cmcgeochgb@msu.edu,Male
589,Bald,Ost,bostgc@globo.com,Male
590,Ailsun,Mayoral,amayoralgd@devhub.com,FeMale
591,Allard,Geoghegan,ageoghegange@ask.com,Male
592,Karoly,Mosby,kmosbygf@ucsd.edu,Male
593,Galven,Olanda,golandagg@techcrunch.com,Male
594,Trstram,Galbraeth,tgalbraethgh@oaic.gov.au,Male
595,Averil,Melton,ameltongi@rediff.com,FeMale
596,Lancelot,Burehill,lburehillgj@people.com.cn,Male
597,Rayshell,Huckster,rhuckstergk@apple.com,FeMale
598,Salem,Liddon,sliddongl@mysql.com,Male
599,Alaric,Mussared,amussaredgm@si.edu,Male
600,Saunder,Sibson,ssibsongn@theguardian.com,Male
601,Trip,Crombleholme,tcrombleholmego@arizona.edu,Male
602,Barbara-anne,Beacon,bbeacongp@reuters.com,FeMale
603,Lilias,Watkins,lwatkinsgq@clickbank.net,FeMale
604,Consuela,Oxberry,coxberrygr@google.com.br,FeMale
605,Humphrey,Malt,hmaltgs@ted.com,Male
606,Sherm,Diddams,sdiddamsgt@statcounter.com,Male
607,Gerty,Morais,gmoraisgu@tripod.com,FeMale
608,Goober,Postles,gpostlesgv@newyorker.com,Male
609,Christoffer,Hendrickx,chendrickxgw@unc.edu,Male
610,Cary,Burnet,cburnetgx@linkedin.com,Male
611,Eldon,William,ewilliamgy@europa.eu,Male
612,Charyl,Foxall,cfoxallgz@oakley.com,FeMale
613,Ginny,Sanderson,gsandersonh0@fotki.com,FeMale
614,Bertie,Giorgiutti,bgiorgiuttih1@parallels.com,FeMale
615,Cirstoforo,Pollastrone,cpollastroneh2@abc.net.au,Male
616,Gaspard,Betterton,gbettertonh3@friendfeed.com,Male
617,Blanche,McGinly,bmcginlyh4@ftc.gov,Male
618,Spense,Breche,sbrecheh5@webs.com,Male
619,Yankee,Bowskill,ybowskillh6@state.tx.us,Male
620,Brandise,Chaddock,bchaddockh7@mozilla.com,FeMale
621,Meridith,Behagg,mbehaggh8@feedburner.com,FeMale
622,Selinda,Gonnelly,sgonnellyh9@creativecommons.org,FeMale
623,Benedict,Blaksland,bblakslandha@cafepress.com,Male
624,Clim,Heninghem,cheninghemhb@nih.gov,Male
625,Lee,Buyers,lbuyershc@va.gov,Male
626,Krystalle,Lidgertwood,klidgertwoodhd@phpbb.com,FeMale
627,Chilton,Mil,cmilhe@lycos.com,Male
628,Florrie,Gerg,fgerghf@digg.com,FeMale
629,Kipper,Frizzell,kfrizzellhg@ning.com,Male
630,Clement,Lunt,clunthh@plala.or.jp,Male
631,Ardyce,Roffey,aroffeyhi@nhs.uk,FeMale
632,Charmine,Dellenbrok,cdellenbrokhj@narod.ru,FeMale
633,Carolus,Fenech,cfenechhk@walmart.com,Male
634,Dorie,Derobert,dderoberthl@nps.gov,FeMale
635,Kliment,Thyng,kthynghm@de.vu,Male
636,Gaven,Hessenthaler,ghessenthalerhn@devhub.com,Male
637,Benn,Cutteridge,bcutteridgeho@free.fr,Male
638,Isaak,MacBrearty,imacbreartyhp@photobucket.com,Male
639,Lauritz,Batalini,lbatalinihq@mediafire.com,Male
640,Frederigo,Hurley,fhurleyhr@tinyurl.com,Male
641,Roselle,Skentelbery,rskentelberyhs@feedburner.com,FeMale
642,Ashien,Figge,afiggeht@nyu.edu,FeMale
643,Devonne,Klaffs,dklaffshu@businesswire.com,FeMale
644,Berta,Rowcliffe,browcliffehv@hexun.com,FeMale
645,Rani,Rickert,rrickerthw@blogtalkradio.com,FeMale
646,Rainer,Garrand,rgarrandhx@hao123.com,Male
647,Ken,Worland,kworlandhy@npr.org,Male
648,Charleen,Henken,chenkenhz@squidoo.com,FeMale
649,Juliann,Iverson,jiversoni0@microsoft.com,FeMale
650,Rudy,Clifforth,rclifforthi1@nationalgeographic.com,Male
651,Brandyn,Panton,bpantoni2@forbes.com,Male
652,Kenneth,Auston,kaustoni3@washingtonpost.com,Male
653,Ned,Guillot,nguilloti4@elegantthemes.com,Male
654,Esteban,McCallister,emccallisteri5@va.gov,Male
655,Carline,Scoyles,cscoylesi6@hp.com,FeMale
656,Frederigo,Sunnex,fsunnexi7@google.pl,Male
657,Fanechka,Maskelyne,fmaskelynei8@webeden.co.uk,FeMale
658,Giovanni,O'Haire,gohairei9@engadget.com,Male
659,Michaella,McDonell,mmcdonellia@pagesperso-orange.fr,FeMale
660,Julie,Woloschinski,jwoloschinskiib@dropbox.com,FeMale
661,Olav,Tamburi,otamburiic@xing.com,Male
662,Rusty,Stogill,rstogillid@odnoklassniki.ru,Male
663,Thea,Lunck,tlunckie@spiegel.de,Male
664,Ambrosio,Mallaby,amallabyif@baidu.com,Male
665,Lizette,Chazotte,lchazotteig@live.com,Male
666,Moira,Salsberg,msalsbergih@phpbb.com,FeMale
667,Sena,Colenutt,scolenuttii@behance.net,FeMale
668,Benedetto,Pirolini,bpiroliniij@mapy.cz,Male
669,Bradney,Crocker,bcrockerik@shop-pro.jp,Male
670,Henka,Steuart,hsteuartil@examiner.com,FeMale
671,Klaus,Schach,kschachim@1688.com,Male
672,Pippa,Ridwood,pridwoodin@homestead.com,FeMale
673,Randy,Danielsohn,rdanielsohnio@people.com.cn,FeMale
674,Moira,Bilovsky,mbilovskyip@php.net,FeMale
675,Trumann,Lanfare,tlanfareiq@sitemeter.com,Male
676,Lenka,Muckleston,lmucklestonir@zimbio.com,FeMale
677,Hakim,Kelcher,hkelcheris@cornell.edu,Male
678,Ashby,Dobbins,adobbinsit@va.gov,Male
679,Bernete,Zecchini,bzecchiniiu@bluehost.com,FeMale
680,Torrence,Lovie,tlovieiv@businessinsider.com,Male
681,Opal,Pedrocchi,opedrocchiiw@nytimes.com,FeMale
682,Ogdon,Twyford,otwyfordix@columbia.edu,Male
683,Grady,Kretschmer,gkretschmeriy@indiegogo.com,Male
684,Emili,Marcinkowski,emarcinkowskiiz@dagondesign.com,FeMale
685,Mile,Newvell,mnewvellj0@macromedia.com,Male
686,Nero,Udale,nudalej1@ed.gov,Male
687,Lucia,Jeandin,ljeandinj2@unesco.org,FeMale
688,Dorry,Llewellyn,dllewellynj3@ameblo.jp,FeMale
689,Baxie,Foro,bforoj4@rambler.ru,Male
690,Florance,Corneil,fcorneilj5@bigcartel.com,FeMale
691,Edan,Nellen,enellenj6@google.ca,Male
692,Kristoffer,Marrian,kmarrianj7@army.mil,Male
693,Marcille,Guiness,mguinessj8@nbcnews.com,FeMale
694,Chevy,Claybourne,cclaybournej9@who.int,Male
695,Marya,Sirmond,msirmondja@freewebs.com,FeMale
696,Cecilla,Baxter,cbaxterjb@desdev.cn,FeMale
697,Alejoa,Phillpotts,aphillpottsjc@infoseek.co.jp,Male
698,Jarrid,Beedle,jbeedlejd@github.io,Male
699,Thorsten,Elwell,telwellje@icio.us,Male
700,Nola,Grizard,ngrizardjf@jugem.jp,FeMale
701,Tommie,Rosendorf,trosendorfjg@amazonaws.com,Male
702,Nadia,Pickerill,npickerilljh@paypal.com,FeMale
703,Mirilla,Muehle,mmuehleji@networkadvertising.org,FeMale
704,Nikolai,Pughe,npughejj@phoca.cz,Male
705,Tracy,Denty,tdentyjk@mac.com,FeMale
706,Rudie,Proschek,rproschekjl@vistaprint.com,Male
707,Cammy,Bacup,cbacupjm@state.gov,Male
708,Fernande,McFall,fmcfalljn@wisc.edu,FeMale
709,Karney,Carwithan,kcarwithanjo@blogs.com,Male
710,Jammie,Batthew,jbatthewjp@un.org,FeMale
711,Bryant,Ulyat,bulyatjq@netscape.com,FeMale
712,Marie,Wylie,mwyliejr@flickr.com,FeMale
713,Miguela,Whittle,mwhittlejs@cmu.edu,FeMale
714,Payton,Seaborn,pseabornjt@wikia.com,Male
715,Catherine,Prall,cprallju@telegraph.co.uk,FeMale
716,Catlee,Coole,ccoolejv@google.es,FeMale
717,Giselle,Hugli,ghuglijw@360.cn,FeMale
718,Griffin,Catonne,gcatonnejx@ted.com,Male
719,Franklin,Harkness,fharknessjy@weibo.com,Male
720,Leyla,Swayland,lswaylandjz@slate.com,FeMale
721,Emelyne,Turtle,eturtlek0@nyu.edu,FeMale
722,Emmi,Matzaitis,ematzaitisk1@tuttocitta.it,FeMale
723,Cori,Inkpen,cinkpenk2@smugmug.com,Male
724,Padriac,Start,pstartk3@apple.com,Male
725,Bari,Sinkinson,bsinkinsonk4@amazon.co.uk,FeMale
726,Joanne,Daynter,jdaynterk5@usatoday.com,FeMale
727,Gilemette,Haddacks,ghaddacksk6@wix.com,FeMale
728,Kaela,Rey,kreyk7@imdb.com,FeMale
729,Jacklin,Enston,jenstonk8@symantec.com,FeMale
730,Harmonia,Buttery,hbutteryk9@fda.gov,FeMale
731,Sig,Stubbington,sstubbingtonka@omniture.com,Male
732,Dallas,Bauer,dbauerkb@mysql.com,Male
733,Upton,Lashmar,ulashmarkc@admin.ch,Male
734,Horatius,Masedon,hmasedonkd@gmpg.org,Male
735,Thornie,Waterfield,twaterfieldke@123-reg.co.uk,Male
736,Angelo,Laban,alabankf@shop-pro.jp,Male
737,Sandra,Scudders,sscudderskg@hhs.gov,FeMale
738,Casi,Melody,cmelodykh@whitehouse.gov,Male
739,Anna-maria,Hathwood,ahathwoodki@domainmarket.com,FeMale
740,Correy,Veldstra,cveldstrakj@indiegogo.com,Male
741,Zebulen,Schoroder,zschoroderkk@state.tx.us,Male
742,Lisetta,Gorgler,lgorglerkl@ebay.com,FeMale
743,Iosep,Hayzer,ihayzerkm@photobucket.com,Male
744,Kingston,Larciere,klarcierekn@parallels.com,Male
745,Yolande,Della Scala,ydellascalako@google.fr,FeMale
746,Rafaelita,Meindl,rmeindlkp@cam.ac.uk,FeMale
747,Ara,Cicculini,acicculinikq@slate.com,FeMale
748,Ralf,Pariso,rparisokr@123-reg.co.uk,Male
749,Kassia,Frape,kfrapeks@tmall.com,FeMale
750,Ryun,Kidwell,rkidwellkt@ehow.com,Male
751,Judye,Dotson,jdotsonku@ft.com,FeMale
752,Patricio,Digance,pdigancekv@freewebs.com,Male
753,Merry,Jacklin,mjacklinkw@cdbaby.com,Male
754,Gilli,Tumpane,gtumpanekx@sourceforge.net,FeMale
755,Tammi,Stiell,tstiellky@amazon.de,FeMale
756,Christoffer,Kike,ckikekz@hugedomains.com,Male
757,Diannne,Swanborough,dswanboroughl0@unesco.org,FeMale
758,Hurleigh,Wise,hwisel1@dagondesign.com,Male
759,Dulcie,Righy,drighyl2@cbsnews.com,FeMale
760,Townie,Souster,tsousterl3@dedecms.com,Male
761,Kelvin,Swadlin,kswadlinl4@dmoz.org,Male
762,Frazer,Winterbotham,fwinterbothaml5@ehow.com,Male
763,Clemmy,Roussell,crousselll6@canalblog.com,FeMale
764,Hercules,Crocetto,hcrocettol7@hugedomains.com,Male
765,Leeland,Eldershaw,leldershawl8@cdc.gov,Male
766,Anastasie,Poynser,apoynserl9@networkadvertising.org,FeMale
767,Sholom,Gyurko,sgyurkola@php.net,Male
768,Thornie,MacMickan,tmacmickanlb@apache.org,Male
769,Ryon,MacCumeskey,rmaccumeskeylc@comsenz.com,Male
770,Legra,Karolyi,lkarolyild@narod.ru,FeMale
771,Daniel,Clearley,dclearleyle@prweb.com,Male
772,Sax,Keymer,skeymerlf@alexa.com,Male
773,Salvidor,Arderne,sardernelg@goo.ne.jp,Male
774,Angelina,Cowdrey,acowdreylh@123-reg.co.uk,FeMale
775,Maudie,Dinning,mdinningli@sitemeter.com,FeMale
776,Cosette,O'Skehan,coskehanlj@jigsy.com,FeMale
777,Janeta,Rockliffe,jrockliffelk@dailymotion.com,FeMale
778,Wilow,Crosoer,wcrosoerll@gravatar.com,FeMale
779,Scarlet,Circuit,scircuitlm@com.com,FeMale
780,Doloritas,Curm,dcurmln@stanford.edu,FeMale
781,Derril,Boultwood,dboultwoodlo@slashdot.org,Male
782,Giulia,Ickeringill,gickeringilllp@squidoo.com,Male
783,Danny,Conti,dcontilq@blinklist.com,FeMale
784,Hillel,Vischi,hvischilr@mapy.cz,Male
785,Keane,Covington,kcovingtonls@odnoklassniki.ru,Male
786,Lacee,Kilmartin,lkilmartinlt@army.mil,FeMale
787,Eddie,Goodram,egoodramlu@wikimedia.org,Male
788,Emmott,Ben,ebenlv@nationalgeographic.com,Male
789,Sarita,Baudain,sbaudainlw@is.gd,FeMale
790,Valentino,Dronsfield,vdronsfieldlx@dell.com,Male
791,Prudence,Pfertner,ppfertnerly@mayoclinic.com,FeMale
792,Giustina,Dartan,gdartanlz@hexun.com,FeMale
793,Jillie,Lukas,jlukasm0@mac.com,FeMale
794,Marcelline,McCreagh,mmccreaghm1@google.co.jp,FeMale
795,Sandor,Dinwoodie,sdinwoodiem2@feedburner.com,Male
796,Olwen,Kenneford,okennefordm3@goo.ne.jp,FeMale
797,Marcello,Denver,mdenverm4@usnews.com,Male
798,Tyrus,Cholerton,tcholertonm5@census.gov,Male
799,Tripp,Wimlet,twimletm6@nytimes.com,Male
800,Darren,Pennacci,dpennaccim7@free.fr,Male
801,Rodolph,Camies,rcamiesm8@joomla.org,Male
802,Kania,Deakin,kdeakinm9@rakuten.co.jp,FeMale
803,Jennilee,Clemence,jclemencema@tuttocitta.it,FeMale
804,Roselin,Pellingar,rpellingarmb@prnewswire.com,FeMale
805,Jackie,Carless,jcarlessmc@cocolog-nifty.com,Male
806,Boy,Moorrud,bmoorrudmd@fastcompany.com,Male
807,Zachery,Sanchez,zsanchezme@digg.com,Male
808,Angeli,Morland,amorlandmf@tripod.com,Male
809,Kingsly,Dumphy,kdumphymg@desdev.cn,Male
810,Bee,Haskett,bhaskettmh@java.com,FeMale
811,Kaylee,Buche,kbuchemi@springer.com,FeMale
812,Nelly,Wordsley,nwordsleymj@vistaprint.com,FeMale
813,Alta,Dizlie,adizliemk@naver.com,FeMale
814,Candi,Caston,ccastonml@e-recht24.de,FeMale
815,Gwendolin,Yukhnov,gyukhnovmm@vinaora.com,FeMale
816,Timmie,Kezourec,tkezourecmn@nba.com,Male
817,Robyn,Jurasek,rjurasekmo@bloglovin.com,FeMale
818,Charla,Innerstone,cinnerstonemp@sun.com,FeMale
819,Lyssa,Meriguet,lmeriguetmq@eventbrite.com,FeMale
820,Bat,Cantua,bcantuamr@skyrock.com,Male
821,Sumner,Drakes,sdrakesms@blogs.com,Male
822,Lilian,Savill,lsavillmt@webmd.com,FeMale
823,Holden,Vokes,hvokesmu@wired.com,Male
824,Mariska,Kluger,mklugermv@hatena.ne.jp,FeMale
825,Lilllie,Scholtis,lscholtismw@google.de,FeMale
826,Jed,Heintze,jheintzemx@huffingtonpost.com,Male
827,Sherman,Hamber,shambermy@shop-pro.jp,Male
828,Nessy,Curran,ncurranmz@house.gov,FeMale
829,Chan,Vedeneev,cvedeneevn0@jimdo.com,Male
830,Edita,Hookes,ehookesn1@unc.edu,FeMale
831,Lurleen,Ruggiero,lruggieron2@census.gov,FeMale
832,Nada,Ridgewell,nridgewelln3@statcounter.com,FeMale
833,Zebulon,Bramo,zbramon4@howstuffworks.com,Male
834,Marcel,Stansall,mstansalln5@mashable.com,Male
835,Vince,Trousdell,vtrousdelln6@wikimedia.org,Male
836,Sheelagh,Cochet,scochetn7@bizjournals.com,Male
837,Rebeka,Tremolieres,rtremolieresn8@scribd.com,FeMale
838,Kale,Hortop,khortopn9@house.gov,Male
839,Bailie,Dupoy,bdupoyna@edublogs.org,Male
840,Maia,McColm,mmccolmnb@prnewswire.com,FeMale
841,Violette,Bann,vbannnc@harvard.edu,Male
842,Enrico,Gutowski,egutowskind@usatoday.com,Male
843,Malina,Surmon,msurmonne@newsvine.com,FeMale
844,Jone,Northidge,jnorthidgenf@mac.com,Male
845,Ruthann,Fielden,rfieldenng@i2i.jp,FeMale
846,Konstanze,Gidman,kgidmannh@amazonaws.com,FeMale
847,Carson,Fawson,cfawsonni@hc360.com,Male
848,Torey,Haith,thaithnj@51.la,Male
849,Jule,Gerrelts,jgerreltsnk@ftc.gov,Male
850,Amara,Stendell,astendellnl@shinystat.com,FeMale
851,Tamera,Marking,tmarkingnm@fc2.com,FeMale
852,Merry,Mouth,mmouthnn@utexas.edu,Male
853,Moira,Devany,mdevanyno@dot.gov,FeMale
854,Goran,Mathieu,gmathieunp@harvard.edu,Male
855,Denni,Elner,delnernq@sciencedirect.com,FeMale
856,Goraud,Zmitrovich,gzmitrovichnr@elegantthemes.com,Male
857,Dianne,Spindler,dspindlerns@theatlantic.com,FeMale
858,Mack,Blood,mbloodnt@spotify.com,Male
859,Mab,Kehoe,mkehoenu@columbia.edu,FeMale
860,Curcio,Monsey,cmonseynv@wikipedia.org,Male
861,Balduin,Ashley,bashleynw@wikispaces.com,Male
862,Fanni,Teligin,fteliginnx@bloomberg.com,FeMale
863,Riannon,Erett,rerettny@angelfire.com,FeMale
864,Rodolph,Keasey,rkeaseynz@state.gov,Male
865,Kalila,Saipy,ksaipyo0@elegantthemes.com,FeMale
866,Gwynne,Odney,godneyo1@flickr.com,FeMale
867,Annette,Bolduc,abolduco2@uiuc.edu,FeMale
868,Breanne,Pirolini,bpirolinio3@google.com.hk,FeMale
869,Wilburt,Hovel,whovelo4@joomla.org,Male
870,Rhonda,Mushrow,rmushrowo5@indiatimes.com,Male
871,Napoleon,Crosfield,ncrosfieldo6@furl.net,Male
872,Syman,Plester,splestero7@ed.gov,Male
873,Dael,Biddy,dbiddyo8@netvibes.com,Male
874,Liz,Dubock,ldubocko9@topsy.com,FeMale
875,Tawsha,Tomkys,ttomkysoa@sogou.com,FeMale
876,Ali,Roddie,aroddieob@comcast.net,FeMale
877,Wallis,Lowder,wlowderoc@nifty.com,Male
878,Forbes,Eisenberg,feisenbergod@netlog.com,Male
879,Dorette,Boatman,dboatmanoe@usnews.com,FeMale
880,Dorena,Najafian,dnajafianof@blogtalkradio.com,FeMale
881,Mandy,Kinzett,mkinzettog@hhs.gov,FeMale
882,Burton,Rogge,broggeoh@woothemes.com,Male
883,Ninnette,Rumney,nrumneyoi@globo.com,FeMale
884,Xena,Edwicke,xedwickeoj@cbsnews.com,FeMale
885,Delaney,Dabernott,ddabernottok@hugedomains.com,Male
886,Wilek,Plumridge,wplumridgeol@apple.com,Male
887,Lena,Pietrzak,lpietrzakom@foxnews.com,FeMale
888,Stavro,Rouff,srouffon@liveinternet.ru,Male
889,Alleyn,Milksop,amilksopoo@cbc.ca,Male
890,Joan,Heazel,jheazelop@gravatar.com,FeMale
891,Bronnie,Griniov,bgriniovoq@icio.us,Male
892,Waverley,Vanyard,wvanyardor@berkeley.edu,Male
893,Frederich,Dabbes,fdabbesos@sakura.ne.jp,Male
894,Lennie,Musk,lmuskot@altervista.org,Male
895,Betteann,Downey,bdowneyou@hp.com,FeMale
896,Eugen,Lage,elageov@elpais.com,Male
897,Gerrilee,Newton,gnewtonow@howstuffworks.com,FeMale
898,Felicia,Cossom,fcossomox@globo.com,FeMale
899,Anitra,Fery,aferyoy@privacy.gov.au,FeMale
900,Nels,Olivetti,nolivettioz@wordpress.org,Male
901,Gabbie,Durning,gdurningp0@shutterfly.com,FeMale
902,Junina,Jeannaud,jjeannaudp1@a8.net,FeMale
903,Che,Tarren,ctarrenp2@discuz.net,Male
904,Reginauld,Grunder,rgrunderp3@prweb.com,Male
905,Emiline,Brockhurst,ebrockhurstp4@ucoz.com,FeMale
906,Garret,Kirkwood,gkirkwoodp5@google.de,Male
907,Janos,Spring,jspringp6@tiny.cc,Male
908,Carce,Duckerin,cduckerinp7@fotki.com,Male
909,Marchelle,Farnie,mfarniep8@sogou.com,Male
910,Ibby,Kaygill,ikaygillp9@noaa.gov,FeMale
911,Wilek,Gozney,wgozneypa@independent.co.uk,Male
912,Clare,Mc Elory,cmcelorypb@blogtalkradio.com,Male
913,Quinn,Menichelli,qmenichellipc@auda.org.au,FeMale
914,Dodi,Jiri,djiripd@360.cn,FeMale
915,Ransell,Hodinton,rhodintonpe@prweb.com,Male
916,Demetrius,Burdess,dburdesspf@123-reg.co.uk,Male
917,Reade,Casina,rcasinapg@digg.com,Male
918,Garfield,Girardet,ggirardetph@statcounter.com,Male
919,George,Trevascus,gtrevascuspi@statcounter.com,Male
920,Stanfield,Atkin,satkinpj@bravesites.com,Male
921,Hana,Perfitt,hperfittpk@bizjournals.com,FeMale
922,Ashely,Melladew,amelladewpl@webs.com,FeMale
923,Tammy,Deverall,tdeverallpm@msn.com,FeMale
924,Noel,Wolffers,nwolfferspn@infoseek.co.jp,FeMale
925,Orran,Otteridge,ootteridgepo@imageshack.us,Male
926,Legra,Rathbone,lrathbonepp@dot.gov,FeMale
927,Lauren,Vanyard,lvanyardpq@webeden.co.uk,FeMale
928,Reid,Billing,rbillingpr@webs.com,Male
929,Crissie,Sherrell,csherrellps@facebook.com,FeMale
930,Lenka,Stable,lstablept@barnesandnoble.com,FeMale
931,Ruthie,Leedal,rleedalpu@elegantthemes.com,FeMale
932,Gregorio,Harnett,gharnettpv@taobao.com,Male
933,Cecilia,De Paoli,cdepaolipw@booking.com,FeMale
934,Trevar,MacCurlye,tmaccurlyepx@arizona.edu,Male
935,Chaim,McTrustie,cmctrustiepy@boston.com,Male
936,Gilburt,Winship,gwinshippz@artisteer.com,Male
937,Rora,Kenzie,rkenzieq0@delicious.com,FeMale
938,Aeriell,Inkster,ainksterq1@live.com,FeMale
939,Jelene,Loade,jloadeq2@vkontakte.ru,FeMale
940,Munroe,Tschierasche,mtschierascheq3@flickr.com,Male
941,Ryon,Wapples,rwapplesq4@infoseek.co.jp,Male
942,Flin,Miall,fmiallq5@nba.com,Male
943,Eartha,Scapens,escapensq6@wsj.com,FeMale
944,Ogdon,Mirando,omirandoq7@shop-pro.jp,Male
945,Dedra,Gateley,dgateleyq8@earthlink.net,FeMale
946,Siusan,Grealish,sgrealishq9@dedecms.com,FeMale
947,Micheal,Bagnall,mbagnallqa@example.com,Male
948,Corrine,Lindbergh,clindberghqb@census.gov,FeMale
949,Meier,Minchell,mminchellqc@smh.com.au,Male
950,Glenn,Viant,gviantqd@infoseek.co.jp,Male
951,Joy,Divill,jdivillqe@wunderground.com,FeMale
952,Heddie,McPike,hmcpikeqf@redcross.org,FeMale
953,Maybelle,Poveleye,mpoveleyeqg@typepad.com,FeMale
954,Derrek,Diem,ddiemqh@qq.com,Male
955,Paulette,Bon,pbonqi@amazon.co.uk,FeMale
956,Hana,Daggett,hdaggettqj@yandex.ru,FeMale
957,Raoul,Atter,ratterqk@issuu.com,FeMale
958,Elnore,Lerven,elervenql@mail.ru,FeMale
959,Bobbi,Le Estut,bleestutqm@yellowpages.com,Male
960,Kenna,Rame,krameqn@webnode.com,FeMale
961,Alric,Steffan,asteffanqo@europa.eu,Male
962,Cassandry,Paolozzi,cpaolozziqp@dot.gov,FeMale
963,Billie,Collelton,bcolleltonqq@msn.com,Male
964,Ronnie,Bartoli,rbartoliqr@addthis.com,Male
965,Kristoforo,Reckless,krecklessqs@jigsy.com,Male
966,Dillie,Schulze,dschulzeqt@1und1.de,Male
967,Dorita,Wortman,dwortmanqu@fda.gov,FeMale
968,Alanna,Blanch,ablanchqv@wikia.com,FeMale
969,Brok,Rowsell,browsellqw@xinhuanet.com,Male
970,Belinda,Farnworth,bfarnworthqx@dot.gov,FeMale
971,Kizzie,De Metz,kdemetzqy@merriam-webster.com,FeMale
972,Brittani,Langlais,blanglaisqz@freewebs.com,FeMale
973,Bethena,Deeming,bdeemingr0@independent.co.uk,FeMale
974,Joela,Itzik,jitzikr1@yolasite.com,FeMale
975,Konstantine,Hamner,khamnerr2@ed.gov,Male
976,Rollo,Domesday,rdomesdayr3@stumbleupon.com,Male
977,Ophelia,Cancellario,ocancellarior4@loc.gov,FeMale
978,Constantin,Camden,ccamdenr5@rambler.ru,Male
979,Tierney,Gai,tgair6@alexa.com,FeMale
980,Lyndsay,Pamplin,lpamplinr7@nyu.edu,FeMale
981,Tore,Belison,tbelisonr8@example.com,Male
982,Drusy,Thorington,dthoringtonr9@parallels.com,FeMale
983,Bennie,Lakenden,blakendenra@icio.us,Male
984,Paxton,Grishenkov,pgrishenkovrb@vinaora.com,Male
985,Veda,Duffitt,vduffittrc@hao123.com,FeMale
986,Chloris,Dri,cdrird@bravesites.com,FeMale
987,Jeff,Horick,jhorickre@unblog.fr,Male
988,Christos,Riddich,criddichrf@dion.ne.jp,Male
989,Ruby,Rupp,rrupprg@sakura.ne.jp,FeMale
990,Inge,Hellikes,ihellikesrh@huffingtonpost.com,FeMale
991,Boony,Hasel,bhaselri@mtv.com,Male
992,Broderic,Scargill,bscargillrj@telegraph.co.uk,Male
993,Andra,Hattigan,ahattiganrk@odnoklassniki.ru,FeMale
994,Marchall,Owens,mowensrl@angelfire.com,Male
995,Iseabal,Rosterne,irosternerm@elegantthemes.com,FeMale
996,Rustie,Zoanetti,rzoanettirn@craigslist.org,Male
997,Mercedes,Lochet,mlochetro@creativecommons.org,FeMale
998,Angel,O'Hear,aohearrp@cnet.com,Male
999,Harri,Selesnick,hselesnickrq@tumblr.com,FeMale
1000,Valle,Ordemann,vordemannrr@aol.com,Male
